astar_cost,astar_expanded,astar_time_ms,wastar_cost,wastar_expanded,wastar_time_ms,wastar_cost_ratio,wastar_expansion_reduction,qstar_cost,qstar_expanded,qstar_time_ms,qstar_cost_ratio,qstar_expansion_reduction,width,height,density,q_episodes,beta
50.42640687119283,270,0.7789134979248047,50.42640687119283,40,0.14019012451171875,1.0,85.18518518518519,50.42640687119283,270,2.6650428771972656,1.0,0.0,35,35,0.2,1200,0.7
50.42640687119283,238,0.6709098815917969,50.42640687119283,42,0.14281272888183594,1.0,82.35294117647058,50.42640687119283,240,2.383708953857422,1.0,-0.8403361344537785,35,35,0.2,1200,0.7
49.840620433565924,189,0.5309581756591797,49.840620433565924,39,0.13303756713867188,1.0,79.36507936507937,49.840620433565924,190,1.8091201782226562,1.0,-0.5291005291005346,35,35,0.2,1200,0.7
49.840620433565924,207,0.6070137023925781,50.42640687119283,39,0.1399517059326172,1.0117531931290407,81.15942028985508,49.840620433565924,209,2.171754837036133,1.0,-0.9661835748792313,35,35,0.2,1200,0.7
50.426406871192825,205,0.5581378936767578,51.01219330881973,40,0.1289844512939453,1.0116166602772871,80.48780487804879,50.426406871192825,204,2.043008804321289,1.0,0.4878048780487809,35,35,0.2,1200,0.7
49.840620433565924,189,0.5261898040771484,51.59797974644664,44,0.15282630920410156,1.0352595793871218,76.71957671957672,49.840620433565924,190,1.9829273223876953,1.0,-0.5291005291005346,35,35,0.2,1200,0.7
49.84062043356593,217,0.6558895111083984,51.01219330881974,41,0.13709068298339844,1.023506386258081,81.10599078341014,49.84062043356593,216,2.2330284118652344,1.0,0.4608294930875556,35,35,0.2,1200,0.7
50.42640687119283,210,0.5970001220703125,51.01219330881973,43,0.14209747314453125,1.0116166602772871,79.52380952380953,50.42640687119283,211,2.214193344116211,1.0,-0.4761904761904745,35,35,0.2,1200,0.7
