Algorithm,Mean Expansions,Std Expansions,Mean Runtime (ms),Std Runtime (ms),Mean Cost Ratio,Mean Cost,Expansion Reduction %
A*,215.625,26.981144209561293,0.6156265735626221,0.08471272113414909,1.0,50.13351365237938,0.0
Weighted A*,41.0,1.8516401995451028,0.13962388038635248,0.007111496800832478,1.0117190599161021,50.71930009000628,80.73747599017943
Q*-A*,216.25,26.889987515270967,2.1878480911254883,0.26062464537623975,1.0,50.13351365237938,-0.29903460907352714
